NROEMPRESA;SEQCOMPRADOR;DTAVDA;DOCTOS;VLR_VENDA;LUCRO;VERBA;CATEGORIA
5;1;2026-05-01;103;1465,54;254,21;0,90;PAS
5;3;2026-05-01;192;2300,11;596,36;45,70;SECA DOCE
5;4;2026-05-01;173;2538,62;748,28;5,71;SECA SALG
5;5;2026-05-01;177;2898,17;842,45;21,15;PADARIA
5;6;2026-05-01;227;13989,27;1336,01;0,00;AÇOUGUE
5;7;2026-05-01;236;3458,99;516,76;43,62;LIQUIDA
5;8;2026-05-01;194;3997,78;305,70;170,33;COMMODITIES
5;9;2026-05-01;341;5284,70;945,38;0,00;FLV
5;10;2026-05-01;306;867,32;280,16;0,00;BAZAR
5;15;2026-05-01;1;10,00;7,26;0,00;OUTROS
5;16;2026-05-01;98;2010,99;366,12;0,00;LIMPEZA
5;18;2026-05-01;86;2157,62;614,31;0,00;PERFUMARIA
5;1;2026-05-02;106;1788,76;326,60;4,10;PAS
5;3;2026-05-02;198;2422,56;643,84;56,60;SECA DOCE
5;4;2026-05-02;186;2443,48;697,81;20,45;SECA SALG
5;5;2026-05-02;148;2048,44;625,70;52,95;PADARIA
5;6;2026-05-02;238;16055,69;1719,08;0,00;AÇOUGUE
5;7;2026-05-02;225;2755,61;380,57;8,60;LIQUIDA
5;8;2026-05-02;197;4493,70;232,98;99,83;COMMODITIES
5;9;2026-05-02;320;5115,87;1092,82;0,00;FLV
5;10;2026-05-02;282;720,82;231,05;0,00;BAZAR
5;16;2026-05-02;90;1426,54;247,39;0,00;LIMPEZA
5;18;2026-05-02;98;2188,10;635,85;4,00;PERFUMARIA
5;1;2026-05-03;83;1172,19;242,13;1,80;PAS
5;3;2026-05-03;174;1827,74;480,15;33,80;SECA DOCE
5;4;2026-05-03;150;1593,31;486,71;17,60;SECA SALG
5;5;2026-05-03;162;2463,56;749,77;0,00;PADARIA
5;6;2026-05-03;201;12239,22;1101,43;0,00;AÇOUGUE
5;7;2026-05-03;255;2957,44;453,74;4,23;LIQUIDA
5;8;2026-05-03;172;3017,10;101,24;9,00;COMMODITIES
5;9;2026-05-03;287;3858,65;816,39;0,00;FLV
5;10;2026-05-03;261;821,60;262,62;0,00;BAZAR
5;16;2026-05-03;64;996,50;189,96;0,00;LIMPEZA
5;18;2026-05-03;87;1490,31;416,94;0,00;PERFUMARIA
7;1;2026-05-01;252;3776,01;990,10;40,40;PAS
7;3;2026-05-01;413;5452,03;1268,59;81,10;SECA DOCE
7;4;2026-05-01;393;5582,68;1784,96;31,92;SECA SALG
7;5;2026-05-01;431;7135,21;2202,80;73,40;PADARIA
7;6;2026-05-01;594;40104,99;3249,91;0,00;AÇOUGUE
7;7;2026-05-01;479;7062,68;1364,13;313,70;LIQUIDA
7;8;2026-05-01;369;7921,27;907,95;547,50;COMMODITIES
7;9;2026-05-01;642;10192,06;1957,66;0,00;FLV
7;10;2026-05-01;79;1163,18;376,48;0,00;BAZAR
7;15;2026-05-01;1;2,00;1,47;0,00;OUTROS
7;16;2026-05-01;177;3385,68;625,06;0,00;LIMPEZA
7;18;2026-05-01;182;3876,52;1042,29;11,50;PERFUMARIA
7;1;2026-05-02;203;2674,62;678,04;26,50;PAS
7;3;2026-05-02;336;4341,17;840,74;99,30;SECA DOCE
7;4;2026-05-02;302;3598,80;1163,50;33,35;SECA SALG
7;5;2026-05-02;317;4794,90;1501,56;35,50;PADARIA
7;6;2026-05-02;447;25726,65;2534,98;0,00;AÇOUGUE
7;7;2026-05-02;383;4969,94;740,86;69,30;LIQUIDA
7;8;2026-05-02;332;7185,60;370,93;126,33;COMMODITIES
7;9;2026-05-02;463;6884,23;1577,73;0,00;FLV
7;10;2026-05-02;65;970,11;310,18;0,00;BAZAR
7;16;2026-05-02;145;2150,79;385,28;0,00;LIMPEZA
7;18;2026-05-02;163;3180,57;873,99;2,00;PERFUMARIA
7;1;2026-05-03;193;3039,83;770,81;28,80;PAS
7;3;2026-05-03;354;4005,04;901,01;77,90;SECA DOCE
7;4;2026-05-03;319;3755,10;1220,10;19,45;SECA SALG
7;5;2026-05-03;374;6020,78;1789,08;72,10;PADARIA
7;6;2026-05-03;446;26409,64;2901,92;0,00;AÇOUGUE
7;7;2026-05-03;432;5212,54;779,34;33,90;LIQUIDA
7;8;2026-05-03;340;6172,82;377,02;63,83;COMMODITIES
7;9;2026-05-03;487;5894,83;1388,16;0,00;FLV
7;10;2026-05-03;64;1025,04;331,59;0,00;BAZAR
7;15;2026-05-03;1;1,00;0,74;0,00;OUTROS
7;16;2026-05-03;114;1966,76;335,93;0,00;LIMPEZA
7;18;2026-05-03;161;3014,61;783,36;0,00;PERFUMARIA
10;1;2026-05-01;245;4324,66;1066,66;31,70;PAS
10;3;2026-05-01;442;6192,60;1360,01;128,70;SECA DOCE
10;4;2026-05-01;348;5944,63;1958,09;35,44;SECA SALG
10;5;2026-05-01;443;8155,54;2445,15;40,80;PADARIA
10;6;2026-05-01;535;38082,50;3451,94;0,00;AÇOUGUE
10;7;2026-05-01;552;9818,84;1975,69;470,70;LIQUIDA
10;8;2026-05-01;375;7802,17;946,65;423,83;COMMODITIES
10;9;2026-05-01;748;15069,17;2999,29;0,00;FLV
10;10;2026-05-01;146;2349,81;767,34;1,50;BAZAR
10;16;2026-05-01;215;4618,90;794,67;0,00;LIMPEZA
10;18;2026-05-01;225;4922,86;1204,18;5,00;PERFUMARIA
10;1;2026-05-02;176;3031,13;785,15;13,70;PAS
10;3;2026-05-02;334;4890,40;1089,28;125,20;SECA DOCE
10;4;2026-05-02;293;4135,76;1290,84;17,00;SECA SALG
10;5;2026-05-02;355;5759,38;1770,68;117,70;PADARIA
10;6;2026-05-02;455;28838,22;3069,93;0,00;AÇOUGUE
10;7;2026-05-02;461;8423,13;1385,56;161,20;LIQUIDA
10;8;2026-05-02;347;8322,88;515,56;78,50;COMMODITIES
10;9;2026-05-02;612;13057,46;2933,05;0,00;FLV
10;10;2026-05-02;99;2351,87;737,47;0,00;BAZAR
10;15;2026-05-02;1;2,00;0,64;0,00;OUTROS
10;16;2026-05-02;185;3861,19;772,20;0,00;LIMPEZA
10;18;2026-05-02;186;4216,28;1076,12;4,00;PERFUMARIA
10;1;2026-05-03;169;2505,11;581,18;15,10;PAS
10;3;2026-05-03;320;4283,52;900,49;55,90;SECA DOCE
10;4;2026-05-03;281;3301,01;1097,73;14,45;SECA SALG
10;5;2026-05-03;374;6133,62;1795,50;36,40;PADARIA
10;6;2026-05-03;373;22288,44;2384,22;0,00;AÇOUGUE
10;7;2026-05-03;459;6724,88;1338,31;247,10;LIQUIDA
10;8;2026-05-03;288;5567,71;377,84;42,00;COMMODITIES
10;9;2026-05-03;535;9015,40;1936,37;0,00;FLV
10;10;2026-05-03;91;1556,99;490,62;2,00;BAZAR
10;15;2026-05-03;1;1,00;0,32;0,00;OUTROS
10;16;2026-05-03;149;2786,44;544,54;0,00;LIMPEZA
10;18;2026-05-03;161;2779,68;702,66;0,00;PERFUMARIA
11;1;2026-05-01;262;3711,65;928,98;20,20;PAS
11;3;2026-05-01;477;5874,70;1261,11;150,70;SECA DOCE
11;4;2026-05-01;447;5337,97;1744,79;34,48;SECA SALG
11;5;2026-05-01;455;7617,60;2221,93;74,10;PADARIA
11;6;2026-05-01;580;32168,53;2729,41;0,00;AÇOUGUE
11;7;2026-05-01;634;10632,61;2034,07;604,50;LIQUIDA
11;8;2026-05-01;515;10024,52;1444,99;964,17;COMMODITIES
11;9;2026-05-01;701;11721,60;2115,55;0,00;FLV
11;10;2026-05-01;127;2056,57;610,44;2,00;BAZAR
11;15;2026-05-01;1;17,00;12,50;0,00;OUTROS
11;16;2026-05-01;238;4008,10;680,96;0,00;LIMPEZA
11;18;2026-05-01;245;4737,62;1291,28;2,50;PERFUMARIA
11;1;2026-05-02;188;2766,06;658,71;17,80;PAS
11;3;2026-05-02;405;5474,99;1197,09;169,80;SECA DOCE
11;4;2026-05-02;390;5243,62;1719,79;39,95;SECA SALG
11;5;2026-05-02;371;6001,31;1640,14;74,85;PADARIA
11;6;2026-05-02;540;28058,75;3089,85;0,00;AÇOUGUE
11;7;2026-05-02;547;8612,69;1262,33;129,60;LIQUIDA
11;8;2026-05-02;438;9224,55;553,31;88,50;COMMODITIES
11;9;2026-05-02;644;10386,75;2328,51;0,00;FLV
11;10;2026-05-02;99;2121,34;713,40;0,00;BAZAR
11;15;2026-05-02;3;20,00;14,70;0,00;OUTROS
11;16;2026-05-02;193;3020,15;536,25;0,00;LIMPEZA
11;18;2026-05-02;216;3214,07;831,10;0,00;PERFUMARIA
11;1;2026-05-03;211;2775,24;728,92;25,00;PAS
11;3;2026-05-03;367;3987,66;859,44;68,20;SECA DOCE
11;4;2026-05-03;363;4087,44;1328,78;22,65;SECA SALG
11;5;2026-05-03;377;6033,35;1758,49;45,60;PADARIA
11;6;2026-05-03;479;23176,48;2594,90;0,00;AÇOUGUE
11;7;2026-05-03;502;6948,53;1231,59;117,80;LIQUIDA
11;8;2026-05-03;408;7756,43;566,73;66,17;COMMODITIES
11;9;2026-05-03;574;8635,59;1930,93;0,00;FLV
11;10;2026-05-03;84;1244,98;399,70;0,00;BAZAR
11;15;2026-05-03;1;10,00;7,35;0,00;OUTROS
11;16;2026-05-03;141;2357,91;545,66;0,00;LIMPEZA
11;18;2026-05-03;174;2813,95;763,03;0,00;PERFUMARIA
13;1;2026-05-01;325;5575,83;1448,00;55,70;PAS
13;3;2026-05-01;637;10623,76;2143,99;327,00;SECA DOCE
13;4;2026-05-01;554;9125,90;2849,23;97,50;SECA SALG
13;5;2026-05-01;537;10606,36;2905,62;91,40;PADARIA
13;6;2026-05-01;741;52462,53;4634,83;0,00;AÇOUGUE
13;7;2026-05-01;692;13174,96;2502,51;612,50;LIQUIDA
13;8;2026-05-01;612;22614,15;2821,09;2369,17;COMMODITIES
13;9;2026-05-01;887;15553,92;2518,91;0,00;FLV
13;10;2026-05-01;132;2566,28;856,54;0,00;BAZAR
13;15;2026-05-01;32;21,29;15,44;0,00;OUTROS
13;16;2026-05-01;289;6494,54;1177,89;0,00;LIMPEZA
13;18;2026-05-01;373;8580,11;2267,70;18,00;PERFUMARIA
13;1;2026-05-02;331;5779,75;1547,28;69,00;PAS
13;3;2026-05-02;614;9861,10;1988,70;287,40;SECA DOCE
13;4;2026-05-02;527;8293,59;2552,33;52,20;SECA SALG
13;5;2026-05-02;508;9487,27;2615,87;84,85;PADARIA
13;6;2026-05-02;696;43107,94;4455,50;0,00;AÇOUGUE
13;7;2026-05-02;644;13028,01;1955,01;357,80;LIQUIDA
13;8;2026-05-02;646;19424,96;796,31;321,17;COMMODITIES
13;9;2026-05-02;809;13914,84;2889,23;0,00;FLV
13;10;2026-05-02;117;1723,74;564,20;0,00;BAZAR
13;15;2026-05-02;25;17,22;12,50;0,00;OUTROS
13;16;2026-05-02;309;6253,10;1095,10;0,00;LIMPEZA
13;18;2026-05-02;355;7412,65;1838,28;8,00;PERFUMARIA
13;1;2026-05-03;295;4636,90;1212,65;54,50;PAS
13;3;2026-05-03;592;8184,51;1680,73;260,60;SECA DOCE
13;4;2026-05-03;464;5811,23;1793,96;49,95;SECA SALG
13;5;2026-05-03;499;9071,48;2481,74;76,65;PADARIA
13;6;2026-05-03;626;35741,38;4393,63;0,00;AÇOUGUE
13;7;2026-05-03;623;9852,77;1541,55;161,20;LIQUIDA
13;8;2026-05-03;541;15138,98;802,88;288,33;COMMODITIES
13;9;2026-05-03;705;10579,40;2153,21;0,00;FLV
13;10;2026-05-03;100;1873,91;622,01;0,00;BAZAR
13;15;2026-05-03;9;0,09;0,00;0,00;OUTROS
13;16;2026-05-03;227;4944,76;812,30;0,00;LIMPEZA
13;18;2026-05-03;316;6642,99;1637,34;0,00;PERFUMARIA
14;1;2026-05-01;323;5613,97;1453,94;51,50;PAS
14;3;2026-05-01;533;10220,84;2005,93;353,00;SECA DOCE
14;4;2026-05-01;465;8885,27;2846,31;38,59;SECA SALG
14;5;2026-05-01;549;9785,90;2603,21;75,40;PADARIA
14;6;2026-05-01;642;50441,02;4085,03;0,00;AÇOUGUE
14;7;2026-05-01;656;15319,90;3226,05;1222,83;LIQUIDA
14;8;2026-05-01;511;15961,76;2055,70;1303,17;COMMODITIES
14;9;2026-05-01;785;15429,47;3146,83;0,00;FLV
14;10;2026-05-01;166;3842,16;1243,74;2,50;BAZAR
14;15;2026-05-01;1;11,00;8,09;0,00;OUTROS
14;16;2026-05-01;261;6796,05;1374,68;50,00;LIMPEZA
14;18;2026-05-01;282;7919,14;2041,19;19,50;PERFUMARIA
14;1;2026-05-02;262;4724,90;1155,69;75,10;PAS
14;3;2026-05-02;474;8895,66;1733,82;241,60;SECA DOCE
14;4;2026-05-02;365;6896,37;2130,17;49,61;SECA SALG
14;5;2026-05-02;509;8454,42;2228,82;208,31;PADARIA
14;6;2026-05-02;514;34033,16;3599,80;0,00;AÇOUGUE
14;7;2026-05-02;513;10739,13;2184,45;691,10;LIQUIDA
14;8;2026-05-02;444;13218,47;1173,12;607,83;COMMODITIES
14;9;2026-05-02;639;13202,32;2900,01;0,00;FLV
14;10;2026-05-02;119;2554,51;853,88;0,00;BAZAR
14;15;2026-05-02;1;15,00;11,03;0,00;OUTROS
14;16;2026-05-02;219;5509,88;959,79;20,00;LIMPEZA
14;18;2026-05-02;235;5728,88;1526,78;8,00;PERFUMARIA
14;1;2026-05-03;239;3573,44;940,96;39,90;PAS
14;3;2026-05-03;456;7409,51;1395,13;177,20;SECA DOCE
14;4;2026-05-03;368;5365,05;1742,76;39,15;SECA SALG
14;5;2026-05-03;513;8497,93;2305,94;93,65;PADARIA
14;6;2026-05-03;505;28012,92;3317,60;0,00;AÇOUGUE
14;7;2026-05-03;538;8061,39;1598,28;378,40;LIQUIDA
14;8;2026-05-03;408;11459,80;383,82;67,33;COMMODITIES
14;9;2026-05-03;617;11282,66;2474,63;0,00;FLV
14;10;2026-05-03;113;2367,42;767,95;0,00;BAZAR
14;15;2026-05-03;5;25,00;18,38;0,00;OUTROS
14;16;2026-05-03;171;3279,49;595,87;10,00;LIMPEZA
14;18;2026-05-03;196;4379,00;1144,82;9,00;PERFUMARIA
16;1;2026-05-01;167;2695,02;565,69;15,80;PAS
16;3;2026-05-01;288;3937,20;849,48;119,60;SECA DOCE
16;4;2026-05-01;280;4443,68;1487,00;31,84;SECA SALG
16;5;2026-05-01;335;5474,05;1654,59;77,92;PADARIA
16;6;2026-05-01;421;27842,88;1947,46;0,00;AÇOUGUE
16;7;2026-05-01;459;9826,28;1953,00;618,26;LIQUIDA
16;8;2026-05-01;285;8165,83;670,18;422,67;COMMODITIES
16;9;2026-05-01;510;9873,34;1758,91;0,00;FLV
16;10;2026-05-01;82;1711,53;481,48;0,00;BAZAR
16;15;2026-05-01;1;3,00;2,21;0,00;OUTROS
16;16;2026-05-01;117;2325,22;415,51;30,00;LIMPEZA
16;18;2026-05-01;165;3177,82;890,14;1,50;PERFUMARIA
16;1;2026-05-02;126;1712,13;437,38;17,80;PAS
16;3;2026-05-02;264;3280,66;735,06;106,70;SECA DOCE
16;4;2026-05-02;240;3503,61;1140,98;19,41;SECA SALG
16;5;2026-05-02;303;4776,80;1476,65;51,66;PADARIA
16;6;2026-05-02;336;19397,61;2048,47;0,00;AÇOUGUE
16;7;2026-05-02;396;7619,02;1517,24;532,30;LIQUIDA
16;8;2026-05-02;254;6923,06;594,47;282,67;COMMODITIES
16;9;2026-05-02;429;7733,15;1626,23;0,00;FLV
16;10;2026-05-02;78;1207,57;403,35;0,00;BAZAR
16;15;2026-05-02;1;1,00;0,74;0,00;OUTROS
16;16;2026-05-02;108;2377,53;296,77;20,00;LIMPEZA
16;18;2026-05-02;141;2950,91;837,74;18,00;PERFUMARIA
16;1;2026-05-03;133;1797,08;377,39;10,90;PAS
16;3;2026-05-03;255;2889,47;571,96;72,30;SECA DOCE
16;4;2026-05-03;232;2679,45;873,62;11,35;SECA SALG
16;5;2026-05-03;257;3851,51;1101,57;27,61;PADARIA
16;6;2026-05-03;274;15437,16;1583,30;0,00;AÇOUGUE
16;7;2026-05-03;362;5209,57;963,42;255,50;LIQUIDA
16;8;2026-05-03;228;5281,04;232,01;47,67;COMMODITIES
16;9;2026-05-03;361;5714,54;1157,56;0,00;FLV
16;10;2026-05-03;68;1467,03;482,48;0,00;BAZAR
16;16;2026-05-03;92;1314,18;273,90;10,00;LIMPEZA
16;18;2026-05-03;125;1913,89;491,69;1,00;PERFUMARIA
18;1;2026-05-01;436;7413,91;1912,75;55,50;PAS
18;3;2026-05-01;657;9902,91;1961,13;231,30;SECA DOCE
18;4;2026-05-01;609;8526,02;2656,87;57,33;SECA SALG
18;5;2026-05-01;677;13371,23;3680,97;228,96;PADARIA
18;6;2026-05-01;788;50227,31;4305,17;0,00;AÇOUGUE
18;7;2026-05-01;821;15588,14;3199,70;923,02;LIQUIDA
18;8;2026-05-01;571;14114,35;2251,78;1430,17;COMMODITIES
18;9;2026-05-01;917;16905,16;3403,68;0,00;FLV
18;10;2026-05-01;188;3335,10;1068,71;0,00;BAZAR
18;15;2026-05-01;1;5,00;3,68;0,00;OUTROS
18;16;2026-05-01;277;6302,86;1148,88;10,00;LIMPEZA
18;18;2026-05-01;326;7852,81;2137,35;16,00;PERFUMARIA
18;1;2026-05-02;342;5780,19;1470,84;43,60;PAS
18;3;2026-05-02;524;7388,09;1495,74;189,20;SECA DOCE
18;4;2026-05-02;497;7246,88;2198,75;35,54;SECA SALG
18;5;2026-05-02;565;10605,79;2961,18;107,70;PADARIA
18;6;2026-05-02;669;43281,98;5325,60;0,00;AÇOUGUE
18;7;2026-05-02;658;12282,68;2521,59;485,30;LIQUIDA
18;8;2026-05-02;478;12093,48;1199,41;569,17;COMMODITIES
18;9;2026-05-02;718;13379,90;2999,41;0,00;FLV
18;10;2026-05-02;139;2791,16;918,51;0,00;BAZAR
18;15;2026-05-02;1;5,00;3,68;0,00;OUTROS
18;16;2026-05-02;200;3941,69;871,85;10,00;LIMPEZA
18;18;2026-05-02;266;5652,86;1587,68;6,00;PERFUMARIA
18;1;2026-05-03;311;4826,81;1214,54;35,10;PAS
18;3;2026-05-03;539;7303,65;1583,08;147,30;SECA DOCE
18;4;2026-05-03;502;6864,40;2051,70;13,85;SECA SALG
18;5;2026-05-03;565;10171,22;2812,32;199,63;PADARIA
18;6;2026-05-03;623;32893,30;4563,42;0,00;AÇOUGUE
18;7;2026-05-03;666;10205,80;2002,27;364,00;LIQUIDA
18;8;2026-05-03;471;11038,96;668,22;98,17;COMMODITIES
18;9;2026-05-03;763;12038,12;2764,36;0,00;FLV
18;10;2026-05-03;132;2233,68;678,99;0,00;BAZAR
18;15;2026-05-03;4;37,00;27,20;0,00;OUTROS
18;16;2026-05-03;210;4124,90;906,63;20,00;LIMPEZA
18;18;2026-05-03;251;5097,85;1417,10;15,50;PERFUMARIA
20;1;2026-05-01;193;2864,90;719,58;11,10;PAS
20;3;2026-05-01;358;4468,65;897,14;204,20;SECA DOCE
20;4;2026-05-01;323;4201,48;1295,48;13,30;SECA SALG
20;5;2026-05-01;310;5627,00;1598,68;25,95;PADARIA
20;6;2026-05-01;466;25306,99;1420,87;0,00;AÇOUGUE
20;7;2026-05-01;468;8316,93;1514,05;384,90;LIQUIDA
20;8;2026-05-01;372;7287,65;1338,19;911,00;COMMODITIES
20;9;2026-05-01;630;9671,11;1454,39;0,00;FLV
20;10;2026-05-01;80;1112,70;372,97;2,00;BAZAR
20;15;2026-05-01;1;10,00;7,35;0,00;OUTROS
20;16;2026-05-01;170;2419,73;351,17;0,00;LIMPEZA
20;18;2026-05-01;197;3395,96;833,24;5,00;PERFUMARIA
20;1;2026-05-02;134;1718,58;465,82;10,60;PAS
20;3;2026-05-02;264;2855,54;617,70;113,30;SECA DOCE
20;4;2026-05-02;236;2776,53;846,67;14,15;SECA SALG
20;5;2026-05-02;227;3659,04;1052,37;36,80;PADARIA
20;6;2026-05-02;344;19265,56;2010,41;0,00;AÇOUGUE
20;7;2026-05-02;380;5901,76;844,58;53,90;LIQUIDA
20;8;2026-05-02;291;6856,33;432,85;139,17;COMMODITIES
20;9;2026-05-02;436;6926,78;1455,54;0,00;FLV
20;10;2026-05-02;35;634,03;203,89;0,00;BAZAR
20;15;2026-05-02;1;10,00;7,35;0,00;OUTROS
20;16;2026-05-02;123;1848,89;188,40;0,00;LIMPEZA
20;18;2026-05-02;152;2297,75;580,19;0,00;PERFUMARIA
20;1;2026-05-03;208;2749,21;806,60;25,50;PAS
20;3;2026-05-03;350;4054,52;894,49;90,30;SECA DOCE
20;4;2026-05-03;343;3415,94;1063,09;18,65;SECA SALG
20;5;2026-05-03;354;5496,59;1495,99;69,15;PADARIA
20;6;2026-05-03;418;18432,08;2032,60;0,00;AÇOUGUE
20;7;2026-05-03;481;5975,45;917,57;101,90;LIQUIDA
20;8;2026-05-03;354;6681,76;370,49;123,33;COMMODITIES
20;9;2026-05-03;510;7504,28;1604,57;0,00;FLV
20;10;2026-05-03;71;1102,22;352,79;1,50;BAZAR
20;15;2026-05-03;2;7,00;5,15;0,00;OUTROS
20;16;2026-05-03;142;1968,71;309,51;0,00;LIMPEZA
20;18;2026-05-03;187;2748,05;660,90;0,00;PERFUMARIA
21;1;2026-05-01;249;3679,28;903,96;30,90;PAS
21;3;2026-05-01;452;5538,18;1251,24;138,60;SECA DOCE
21;4;2026-05-01;363;4180,63;1408,21;34,23;SECA SALG
21;5;2026-05-01;520;9356,08;2735,52;71,45;PADARIA
21;6;2026-05-01;649;46521,54;2662,07;0,00;AÇOUGUE
21;7;2026-05-01;539;8831,25;1597,98;313,41;LIQUIDA
21;8;2026-05-01;335;6242,19;965,30;407,00;COMMODITIES
21;9;2026-05-01;679;10438,35;1966,30;0,00;FLV
21;10;2026-05-01;112;1897,91;603,99;1,50;BAZAR
21;15;2026-05-01;1;10,00;3,25;0,00;OUTROS
21;16;2026-05-01;163;2737,19;553,73;0,00;LIMPEZA
21;18;2026-05-01;176;3480,63;961,91;5,00;PERFUMARIA
21;1;2026-05-02;195;3129,44;770,57;20,70;PAS
21;3;2026-05-02;341;4806,76;1061,24;152,80;SECA DOCE
21;4;2026-05-02;297;4450,84;1466,10;21,65;SECA SALG
21;5;2026-05-02;433;8213,09;2361,93;254,70;PADARIA
21;6;2026-05-02;442;29987,74;3159,07;0,00;AÇOUGUE
21;7;2026-05-02;429;5970,54;972,47;66,40;LIQUIDA
21;8;2026-05-02;291;6362,71;632,73;30,33;COMMODITIES
21;9;2026-05-02;497;9058,17;1990,17;0,00;FLV
21;10;2026-05-02;81;1740,10;608,53;0,00;BAZAR
21;16;2026-05-02;133;2631,20;519,55;0,00;LIMPEZA
21;18;2026-05-02;144;2704,60;748,05;2,00;PERFUMARIA
21;1;2026-05-03;189;2652,90;687,93;30,80;PAS
21;3;2026-05-03;331;4142,36;853,56;82,90;SECA DOCE
21;4;2026-05-03;295;3227,02;1050,22;17,75;SECA SALG
21;5;2026-05-03;417;6618,24;1922,12;35,80;PADARIA
21;6;2026-05-03;444;25794,03;2565,42;0,00;AÇOUGUE
21;7;2026-05-03;416;5581,52;944,14;22,30;LIQUIDA
21;8;2026-05-03;283;5081,99;422,38;29,83;COMMODITIES
21;9;2026-05-03;562;8712,77;1986,71;0,00;FLV
21;10;2026-05-03;90;1744,52;594,78;0,00;BAZAR
21;15;2026-05-03;1;1,00;0,33;0,00;OUTROS
21;16;2026-05-03;147;2660,53;589,64;0,00;LIMPEZA
21;18;2026-05-03;151;2409,32;706,68;0,00;PERFUMARIA
23;1;2026-05-01;274;4332,67;1005,55;36,10;PAS
23;3;2026-05-01;458;5806,72;1201,64;137,10;SECA DOCE
23;4;2026-05-01;430;4595,33;1441,29;7,45;SECA SALG
23;5;2026-05-01;474;7888,47;2432,69;47,35;PADARIA
23;6;2026-05-01;667;39396,76;2801,05;0,00;AÇOUGUE
23;7;2026-05-01;585;10225,78;1956,38;560,32;LIQUIDA
23;8;2026-05-01;469;8408,65;1030,53;454,67;COMMODITIES
23;9;2026-05-01;715;10279,23;1794,18;0,00;FLV
23;10;2026-05-01;130;2610,44;819,93;0,00;BAZAR
23;15;2026-05-01;2;20,00;6,50;0,00;OUTROS
23;16;2026-05-01;193;3610,25;780,31;0,00;LIMPEZA
23;18;2026-05-01;215;3497,91;1016,90;4,00;PERFUMARIA
23;1;2026-05-02;234;2899,91;598,19;12,70;PAS
23;3;2026-05-02;410;4179,32;891,96;101,50;SECA DOCE
23;4;2026-05-02;339;3419,64;1053,56;14,85;SECA SALG
23;5;2026-05-02;425;6583,12;2051,99;218,10;PADARIA
23;6;2026-05-02;556;31210,49;2825,01;0,00;AÇOUGUE
23;7;2026-05-02;486;7115,38;1081,52;179,90;LIQUIDA
23;8;2026-05-02;393;6348,73;393,37;25,83;COMMODITIES
23;9;2026-05-02;623;8350,22;1807,24;0,00;FLV
23;10;2026-05-02;79;1287,64;404,85;0,00;BAZAR
23;15;2026-05-02;1;5,00;1,63;0,00;OUTROS
23;16;2026-05-02;134;2101,02;488,55;0,00;LIMPEZA
23;18;2026-05-02;162;2300,85;609,74;2,00;PERFUMARIA
23;1;2026-05-03;233;3279,96;759,36;19,70;PAS
23;3;2026-05-03;402;4681,23;1030,30;98,80;SECA DOCE
23;4;2026-05-03;360;3716,05;1147,47;10,25;SECA SALG
23;5;2026-05-03;424;6630,59;2011,52;152,80;PADARIA
23;6;2026-05-03;557;26240,13;2897,86;0,00;AÇOUGUE
23;7;2026-05-03;549;7146,12;1075,93;48,20;LIQUIDA
23;8;2026-05-03;408;6782,60;484,31;44,67;COMMODITIES
23;9;2026-05-03;568;7762,41;1730,94;0,00;FLV
23;10;2026-05-03;82;1200,55;390,89;0,00;BAZAR
23;15;2026-05-03;2;8,00;2,60;0,00;OUTROS
23;16;2026-05-03;154;2428,00;492,57;0,00;LIMPEZA
23;18;2026-05-03;196;3113,32;905,19;0,00;PERFUMARIA
26;1;2026-05-01;158;2534,53;664,62;18,30;PAS
26;3;2026-05-01;354;4248,43;1112,75;65,50;SECA DOCE
26;4;2026-05-01;277;3855,72;1167,78;18,17;SECA SALG
26;5;2026-05-01;410;6493,13;2076,91;45,65;PADARIA
26;6;2026-05-01;390;25933,62;2253,96;0,00;AÇOUGUE
26;7;2026-05-01;482;7339,68;1550,85;626,91;LIQUIDA
26;8;2026-05-01;252;5095,70;681,80;391,00;COMMODITIES
26;9;2026-05-01;430;5618,22;1026,56;0,00;FLV
26;10;2026-05-01;520;2095,75;703,90;0,00;BAZAR
26;16;2026-05-01;159;2825,83;582,65;0,00;LIMPEZA
26;18;2026-05-01;166;3394,97;976,08;5,50;PERFUMARIA
26;1;2026-05-02;160;2333,21;634,28;24,40;PAS
26;3;2026-05-02;259;2810,73;709,23;59,90;SECA DOCE
26;4;2026-05-02;255;3869,06;1184,49;12,49;SECA SALG
26;5;2026-05-02;391;6137,58;1953,39;220,87;PADARIA
26;6;2026-05-02;327;19706,78;2115,79;0,00;AÇOUGUE
26;7;2026-05-02;419;6785,97;1224,81;320,03;LIQUIDA
26;8;2026-05-02;212;4478,57;633,20;373,67;COMMODITIES
26;9;2026-05-02;368;5201,32;1118,80;0,00;FLV
26;10;2026-05-02;443;1673,55;561,81;0,00;BAZAR
26;16;2026-05-02;126;2619,22;580,92;0,00;LIMPEZA
26;18;2026-05-02;130;3049,11;875,54;3,50;PERFUMARIA
26;1;2026-05-03;163;2224,77;582,63;22,10;PAS
26;3;2026-05-03;377;3747,61;1014,57;48,70;SECA DOCE
26;4;2026-05-03;296;3328,41;1017,19;16,27;SECA SALG
26;5;2026-05-03;371;5664,00;1826,56;37,75;PADARIA
26;6;2026-05-03;369;19071,05;1885,53;0,00;AÇOUGUE
26;7;2026-05-03;482;6932,79;1001,47;135,63;LIQUIDA
26;8;2026-05-03;214;3715,64;213,28;15,33;COMMODITIES
26;9;2026-05-03;384;4557,73;985,26;0,00;FLV
26;10;2026-05-03;478;934,18;302,55;0,00;BAZAR
26;15;2026-05-03;1;7,00;5,08;0,00;OUTROS
26;16;2026-05-03;115;1788,98;413,48;0,00;LIMPEZA
26;18;2026-05-03;150;2833,96;787,96;3,00;PERFUMARIA
27;1;2026-05-01;210;2903,67;745,08;6,30;PAS
27;3;2026-05-01;375;4677,60;1238,20;77,80;SECA DOCE
27;4;2026-05-01;351;4322,11;1392,71;11,56;SECA SALG
27;5;2026-05-01;404;6031,21;2040,94;64,35;PADARIA
27;6;2026-05-01;498;28499,44;2973,81;0,00;AÇOUGUE
27;7;2026-05-01;532;8626,91;1316,91;120,79;LIQUIDA
27;8;2026-05-01;283;4903,76;558,62;238,00;COMMODITIES
27;9;2026-05-01;470;5250,20;1011,93;0,00;FLV
27;10;2026-05-01;620;2009,69;673,35;0,00;BAZAR
27;16;2026-05-01;172;3057,82;619,09;0,00;LIMPEZA
27;18;2026-05-01;143;3130,47;869,94;0,00;PERFUMARIA
27;1;2026-05-02;180;2605,84;616,99;4,40;PAS
27;3;2026-05-02;305;3319,97;844,24;74,50;SECA DOCE
27;4;2026-05-02;305;3305,62;1029,72;9,80;SECA SALG
27;5;2026-05-02;359;5633,98;1835,70;71,50;PADARIA
27;6;2026-05-02;406;24594,85;3014,47;0,00;AÇOUGUE
27;7;2026-05-02;453;6308,77;799,07;0,83;LIQUIDA
27;8;2026-05-02;281;4484,90;379,19;178,50;COMMODITIES
27;9;2026-05-02;395;5241,15;1147,80;0,00;FLV
27;10;2026-05-02;532;1213,13;397,01;0,00;BAZAR
27;16;2026-05-02;152;2434,16;520,53;0,00;LIMPEZA
27;18;2026-05-02;115;2132,67;574,23;0,00;PERFUMARIA
27;1;2026-05-03;192;2667,65;567,89;6,10;PAS
27;3;2026-05-03;344;4015,61;1015,34;86,60;SECA DOCE
27;4;2026-05-03;325;3614,12;1114,22;6,95;SECA SALG
27;5;2026-05-03;342;5987,58;2001,76;25,25;PADARIA
27;6;2026-05-03;390;22988,86;2913,50;0,00;AÇOUGUE
27;7;2026-05-03;464;5902,81;1038,78;19,63;LIQUIDA
27;8;2026-05-03;281;4352,54;171,97;10,67;COMMODITIES
27;9;2026-05-03;368;4499,75;1006,74;0,00;FLV
27;10;2026-05-03;510;1351,91;457,30;0,00;BAZAR
27;16;2026-05-03;151;2625,86;574,50;0,00;LIMPEZA
27;18;2026-05-03;137;2761,20;803,36;0,00;PERFUMARIA
28;1;2026-05-01;171;2468,45;616,79;4,20;PAS
28;3;2026-05-01;369;4093,38;941,67;67,90;SECA DOCE
28;4;2026-05-01;301;3366,61;1029,39;13,09;SECA SALG
28;5;2026-05-01;443;7041,19;2177,80;80,90;PADARIA
28;6;2026-05-01;434;25882,74;2013,18;0,00;AÇOUGUE
28;7;2026-05-01;475;7394,33;1540,92;491,56;LIQUIDA
28;8;2026-05-01;326;6879,52;1149,33;1139,50;COMMODITIES
28;9;2026-05-01;528;8229,02;1508,48;0,00;FLV
28;10;2026-05-01;506;1853,16;600,86;0,00;BAZAR
28;15;2026-05-01;5;25,00;18,15;0,00;OUTROS
28;16;2026-05-01;180;3228,34;620,58;0,00;LIMPEZA
28;18;2026-05-01;200;3991,13;1134,41;19,50;PERFUMARIA
28;1;2026-05-02;163;2446,21;535,08;8,70;PAS
28;3;2026-05-02;336;4829,65;1137,74;86,60;SECA DOCE
28;4;2026-05-02;272;3123,52;937,19;14,84;SECA SALG
28;5;2026-05-02;377;5745,54;1822,82;58,40;PADARIA
28;6;2026-05-02;375;20514,88;2508,50;0,00;AÇOUGUE
28;7;2026-05-02;365;5038,27;1028,54;267,30;LIQUIDA
28;8;2026-05-02;296;6681,14;320,67;192,67;COMMODITIES
28;9;2026-05-02;474;7203,58;1608,74;0,00;FLV
28;10;2026-05-02;451;1939,64;647,32;0,00;BAZAR
28;15;2026-05-02;1;3,00;2,18;0,00;OUTROS
28;16;2026-05-02;146;2483,04;512,38;0,00;LIMPEZA
28;18;2026-05-02;178;4630,65;1273,80;10,00;PERFUMARIA
28;1;2026-05-03;197;2589,91;690,79;0,60;PAS
28;3;2026-05-03;358;4022,37;958,34;61,50;SECA DOCE
28;4;2026-05-03;258;3058,46;916,03;8,89;SECA SALG
28;5;2026-05-03;394;5881,38;1891,74;40,25;PADARIA
28;6;2026-05-03;355;17657,42;1949,53;0,00;AÇOUGUE
28;7;2026-05-03;403;4926,87;842,24;116,40;LIQUIDA
28;8;2026-05-03;332;6871,08;231,46;32,33;COMMODITIES
28;9;2026-05-03;466;6087,68;1393,91;0,00;FLV
28;10;2026-05-03;535;1714,03;583,81;0,00;BAZAR
28;15;2026-05-03;1;7,00;5,08;0,00;OUTROS
28;16;2026-05-03;144;2307,93;451,82;0,00;LIMPEZA
28;18;2026-05-03;182;3725,43;1036,19;2,00;PERFUMARIA
29;1;2026-05-01;213;3599,10;842,73;18,00;PAS
29;3;2026-05-01;446;5512,16;1269,70;90,10;SECA DOCE
29;4;2026-05-01;418;5288,78;1656,05;28,13;SECA SALG
29;5;2026-05-01;336;5443,38;1789,16;61,80;PADARIA
29;6;2026-05-01;593;41413,79;3898,40;0,00;AÇOUGUE
29;7;2026-05-01;523;8273,19;1031,50;155,39;LIQUIDA
29;8;2026-05-01;333;7180,12;53,35;236,17;COMMODITIES
29;9;2026-05-01;598;10084,07;1856,55;0,00;FLV
29;10;2026-05-01;644;2458,17;784,61;0,00;BAZAR
29;15;2026-05-01;3;31,00;22,51;0,00;OUTROS
29;16;2026-05-01;209;3459,72;675,37;0,00;LIMPEZA
29;18;2026-05-01;210;4561,88;1295,65;0,00;PERFUMARIA
29;1;2026-05-02;181;2501,85;543,51;17,50;PAS
29;3;2026-05-02;352;4483,26;1076,39;57,80;SECA DOCE
29;4;2026-05-02;331;3909,48;1183,43;18,55;SECA SALG
29;5;2026-05-02;281;4445,81;1420,37;48,80;PADARIA
29;6;2026-05-02;480;33053,98;4036,34;0,00;AÇOUGUE
29;7;2026-05-02;487;7303,00;848,35;6,02;LIQUIDA
29;8;2026-05-02;304;7191,19;8,30;139,33;COMMODITIES
29;9;2026-05-02;552;9805,42;2019,01;0,00;FLV
29;10;2026-05-02;535;2254,33;758,32;0,00;BAZAR
29;15;2026-05-02;1;4,00;2,90;0,00;OUTROS
29;16;2026-05-02;165;3092,91;607,43;0,00;LIMPEZA
29;18;2026-05-02;188;3797,19;1069,20;0,00;PERFUMARIA
29;1;2026-05-03;189;2639,30;671,59;16,20;PAS
29;3;2026-05-03;373;4482,24;1137,82;76,10;SECA DOCE
29;4;2026-05-03;344;3858,79;1146,62;17,05;SECA SALG
29;5;2026-05-03;317;4749,42;1426,54;50,40;PADARIA
29;6;2026-05-03;464;27075,97;3342,81;0,00;AÇOUGUE
29;7;2026-05-03;449;6414,14;829,53;10,82;LIQUIDA
29;8;2026-05-03;319;6793,63;-20,63;41,67;COMMODITIES
29;9;2026-05-03;571;8796,11;1876,35;0,00;FLV
29;10;2026-05-03;562;2094,51;710,66;0,00;BAZAR
29;16;2026-05-03;159;2801,28;683,18;0,00;LIMPEZA
29;18;2026-05-03;161;2742,85;794,72;0,00;PERFUMARIA
101;1;2026-05-01;206;2915,88;755,37;24,60;PAS
101;3;2026-05-01;392;4921,43;1235,59;64,50;SECA DOCE
101;4;2026-05-01;369;4570,90;1452,50;32,28;SECA SALG
101;5;2026-05-01;238;4304,70;1025,62;61,70;PADARIA
101;6;2026-05-01;459;27116,97;2073,81;0,00;AÇOUGUE
101;7;2026-05-01;515;8698,71;1327,80;141,88;LIQUIDA
101;8;2026-05-01;371;6572,25;752,11;452,17;COMMODITIES
101;9;2026-05-01;631;9289,25;1837,99;0,00;FLV
101;10;2026-05-01;674;1761,69;589,43;0,00;BAZAR
101;15;2026-05-01;1;9,00;6,53;0,00;OUTROS
101;16;2026-05-01;181;2718,40;526,61;0,00;LIMPEZA
101;18;2026-05-01;177;2850,22;797,05;0,00;PERFUMARIA
101;1;2026-05-02;181;3003,28;658,20;18,60;PAS
101;3;2026-05-02;303;3874,86;950,99;54,10;SECA DOCE
101;4;2026-05-02;287;3153,31;991,80;22,80;SECA SALG
101;5;2026-05-02;200;2987,53;665,44;233,70;PADARIA
101;6;2026-05-02;397;23591,65;2364,53;0,00;AÇOUGUE
101;7;2026-05-02;416;7306,92;1174,33;31,30;LIQUIDA
101;8;2026-05-02;306;5515,85;525,14;214,67;COMMODITIES
101;9;2026-05-02;549;8572,74;1910,63;0,00;FLV
101;10;2026-05-02;547;1194,87;403,29;0,00;BAZAR
101;15;2026-05-02;1;8,00;5,81;0,00;OUTROS
101;16;2026-05-02;153;2653,04;526,78;0,00;LIMPEZA
101;18;2026-05-02;147;3291,19;929,92;0,00;PERFUMARIA
101;1;2026-05-03;184;2561,77;648,91;15,10;PAS
101;3;2026-05-03;321;3977,83;995,57;77,50;SECA DOCE
101;4;2026-05-03;326;3712,11;1185,70;36,75;SECA SALG
101;5;2026-05-03;236;4292,26;983,78;25,15;PADARIA
101;6;2026-05-03;370;19165,04;1884,52;0,00;AÇOUGUE
101;7;2026-05-03;475;6527,49;1288,19;48,03;LIQUIDA
101;8;2026-05-03;342;6723,50;290,54;34,33;COMMODITIES
101;9;2026-05-03;542;9264,48;2103,57;0,00;FLV
101;10;2026-05-03;551;1969,23;643,54;0,00;BAZAR
101;16;2026-05-03;139;2491,46;500,87;0,00;LIMPEZA
101;18;2026-05-03;147;2394,93;671,57;0,00;PERFUMARIA
102;1;2026-05-01;342;5019,09;1354,01;33,90;PAS
102;3;2026-05-01;623;8949,58;2138,21;190,40;SECA DOCE
102;4;2026-05-01;512;7950,13;2493,12;26,42;SECA SALG
102;5;2026-05-01;660;10807,87;3549,51;91,70;PADARIA
102;6;2026-05-01;559;38144,78;3164,25;0,00;AÇOUGUE
102;7;2026-05-01;779;12615,60;2643,58;804,18;LIQUIDA
102;8;2026-05-01;424;9040,33;1053,39;672,67;COMMODITIES
102;9;2026-05-01;686;11504,72;2242,44;0,00;FLV
102;10;2026-05-01;855;2809,77;903,17;0,00;BAZAR
102;15;2026-05-01;1;5,00;3,63;0,00;OUTROS
102;16;2026-05-01;213;4359,95;790,34;0,00;LIMPEZA
102;18;2026-05-01;274;6347,35;1819,67;11,50;PERFUMARIA
102;1;2026-05-02;304;4323,04;1183,87;23,80;PAS
102;3;2026-05-02;538;6823,31;1627,64;116,70;SECA DOCE
102;4;2026-05-02;464;6090,85;1939,75;38,47;SECA SALG
102;5;2026-05-02;644;10206,04;3281,50;29,50;PADARIA
102;6;2026-05-02;486;30318,23;3558,13;0,00;AÇOUGUE
102;7;2026-05-02;701;8819,70;1649,62;258,13;LIQUIDA
102;8;2026-05-02;394;8420,51;589,62;354,50;COMMODITIES
102;9;2026-05-02;604;9359,57;2203,75;0,00;FLV
102;10;2026-05-02;800;1917,51;609,07;0,00;BAZAR
102;15;2026-05-02;1;6,00;4,36;0,00;OUTROS
102;16;2026-05-02;191;3287,85;627,65;0,00;LIMPEZA
102;18;2026-05-02;226;4469,77;1270,28;8,50;PERFUMARIA
102;1;2026-05-03;323;4341,56;1190,95;14,20;PAS
102;3;2026-05-03;552;6462,60;1535,63;98,90;SECA DOCE
102;4;2026-05-03;484;6320,93;1987,74;25,35;SECA SALG
102;5;2026-05-03;687;10039,37;3265,75;63,15;PADARIA
102;6;2026-05-03;484;23826,96;2670,00;0,00;AÇOUGUE
102;7;2026-05-03;748;8839,29;1508,14;109,50;LIQUIDA
102;8;2026-05-03;390;6977,65;271,04;37,17;COMMODITIES
102;9;2026-05-03;623;7781,52;1755,81;0,00;FLV
102;10;2026-05-03;913;2012,29;664,07;0,00;BAZAR
102;15;2026-05-03;3;6,00;4,36;0,00;OUTROS
102;16;2026-05-03;150;3017,44;660,69;0,00;LIMPEZA
102;18;2026-05-03;211;3932,38;1138,97;7,00;PERFUMARIA
103;1;2026-05-01;248;3594,88;917,62;24,50;PAS
103;3;2026-05-01;415;6351,89;1623,88;99,10;SECA DOCE
103;4;2026-05-01;436;6229,02;2085,34;45,38;SECA SALG
103;5;2026-05-01;530;8940,43;2601,28;106,80;PADARIA
103;6;2026-05-01;494;34290,66;3128,05;0,00;AÇOUGUE
103;7;2026-05-01;644;14576,20;2712,17;330,08;LIQUIDA
103;8;2026-05-01;329;7980,81;1368,40;880,83;COMMODITIES
103;9;2026-05-01;547;8496,00;1900,49;0,00;FLV
103;10;2026-05-01;686;3396,89;1100,82;0,00;BAZAR
103;16;2026-05-01;207;4406,05;1031,83;0,00;LIMPEZA
103;18;2026-05-01;217;4105,80;1194,10;2,00;PERFUMARIA
103;1;2026-05-02;192;3180,80;749,18;13,20;PAS
103;3;2026-05-02;361;4926,11;1195,69;71,00;SECA DOCE
103;4;2026-05-02;319;4821,65;1574,86;11,05;SECA SALG
103;5;2026-05-02;410;6470,97;1919,49;39,85;PADARIA
103;6;2026-05-02;403;27694,48;3593,64;0,00;AÇOUGUE
103;7;2026-05-02;472;9213,82;1788,54;63,09;LIQUIDA
103;8;2026-05-02;317;7383,59;648,98;154,83;COMMODITIES
103;9;2026-05-02;413;6925,56;1596,44;0,00;FLV
103;10;2026-05-02;525;2025,64;634,93;0,00;BAZAR
103;16;2026-05-02;147;3027,96;691,31;0,00;LIMPEZA
103;18;2026-05-02;178;3181,16;954,13;0,00;PERFUMARIA
103;1;2026-05-03;180;2717,06;638,26;13,40;PAS
103;3;2026-05-03;330;4059,79;1016,99;58,50;SECA DOCE
103;4;2026-05-03;292;3686,90;1220,24;13,70;SECA SALG
103;5;2026-05-03;399;6091,95;1660,90;36,35;PADARIA
103;6;2026-05-03;343;20825,94;2890,81;0,00;AÇOUGUE
103;7;2026-05-03;474;6639,50;1441,80;98,03;LIQUIDA
103;8;2026-05-03;238;5313,36;406,92;22,33;COMMODITIES
103;9;2026-05-03;372;5145,47;1178,90;0,00;FLV
103;10;2026-05-03;491;1814,01;587,15;0,00;BAZAR
103;16;2026-05-03;136;2472,58;535,35;0,00;LIMPEZA
103;18;2026-05-03;164;3503,38;1077,35;0,00;PERFUMARIA
104;1;2026-05-01;189;2606,51;674,78;21,40;PAS
104;3;2026-05-01;328;4546,10;1083,57;123,10;SECA DOCE
104;4;2026-05-01;282;3810,58;1190,92;26,55;SECA SALG
104;5;2026-05-01;280;5136,86;1555,00;55,90;PADARIA
104;6;2026-05-01;322;17313,70;1319,77;0,00;AÇOUGUE
104;7;2026-05-01;394;5753,90;1047,37;150,29;LIQUIDA
104;8;2026-05-01;247;5344,43;457,31;262,67;COMMODITIES
104;9;2026-05-01;447;6639,45;1161,10;0,00;FLV
104;10;2026-05-01;464;1478,05;494,24;0,00;BAZAR
104;16;2026-05-01;145;2841,87;600,96;0,00;LIMPEZA
104;18;2026-05-01;142;2960,00;837,98;0,00;PERFUMARIA
104;1;2026-05-02;101;1347,25;355,36;9,90;PAS
104;3;2026-05-02;216;2436,05;586,80;52,90;SECA DOCE
104;4;2026-05-02;208;2606,00;836,22;16,45;SECA SALG
104;5;2026-05-02;171;2637,56;839,84;181,30;PADARIA
104;6;2026-05-02;213;10330,10;1209,44;0,00;AÇOUGUE
104;7;2026-05-02;297;4088,27;591,29;19,30;LIQUIDA
104;8;2026-05-02;205;4939,92;285,85;142,67;COMMODITIES
104;9;2026-05-02;288;4079,88;832,69;0,00;FLV
104;10;2026-05-02;315;969,88;325,37;0,00;BAZAR
104;15;2026-05-02;1;2,00;0,00;0,00;OUTROS
104;16;2026-05-02;92;1461,40;294,23;0,00;LIMPEZA
104;18;2026-05-02;107;2494,00;766,21;0,00;PERFUMARIA
104;1;2026-05-03;147;1941,09;488,02;12,90;PAS
104;3;2026-05-03;291;3717,76;932,73;46,70;SECA DOCE
104;4;2026-05-03;263;2798,68;889,45;16,70;SECA SALG
104;5;2026-05-03;280;4717,19;1396,88;25,25;PADARIA
104;6;2026-05-03;262;12048,12;1272,52;0,00;AÇOUGUE
104;7;2026-05-03;360;4945,12;760,32;39,90;LIQUIDA
104;8;2026-05-03;214;4561,84;123,43;22,50;COMMODITIES
104;9;2026-05-03;407;5527,75;1163,08;0,00;FLV
104;10;2026-05-03;467;1357,75;484,14;0,00;BAZAR
104;15;2026-05-03;1;8,00;0,00;0,00;OUTROS
104;16;2026-05-03;112;1650,87;373,97;0,00;LIMPEZA
104;18;2026-05-03;112;1835,10;491,95;0,00;PERFUMARIA
106;1;2026-05-01;321;5472,23;1293,31;30,00;PAS
106;3;2026-05-01;578;9279,70;2079,35;140,20;SECA DOCE
106;4;2026-05-01;514;9093,48;2804,88;57,46;SECA SALG
106;5;2026-05-01;386;6390,16;1810,16;106,00;PADARIA
106;6;2026-05-01;568;40909,16;2904,85;0,00;AÇOUGUE
106;7;2026-05-01;580;9622,43;1720,43;211,46;LIQUIDA
106;8;2026-05-01;527;15517,08;1413,15;1044,22;COMMODITIES
106;9;2026-05-01;829;13765,71;2667,93;0,00;FLV
106;10;2026-05-01;714;2619,27;860,56;0,00;BAZAR
106;15;2026-05-01;31;37,26;26,86;0,00;OUTROS
106;16;2026-05-01;266;6332,80;1466,32;0,00;LIMPEZA
106;18;2026-05-01;316;7787,89;2151,61;67,50;PERFUMARIA
106;1;2026-05-02;295;5422,20;1299,10;40,90;PAS
106;3;2026-05-02;488;8337,81;1887,71;140,90;SECA DOCE
106;4;2026-05-02;451;7801,49;2381,41;56,65;SECA SALG
106;5;2026-05-02;348;5812,14;1631,89;122,10;PADARIA
106;6;2026-05-02;516;30405,58;3212,25;0,00;AÇOUGUE
106;7;2026-05-02;450;7588,36;1099,50;5,20;LIQUIDA
106;8;2026-05-02;498;15085,67;774,41;399,83;COMMODITIES
106;9;2026-05-02;702;13186,09;2799,76;0,00;FLV
106;10;2026-05-02;619;2101,89;692,73;0,00;BAZAR
106;15;2026-05-02;29;0,30;0,00;0,00;OUTROS
106;16;2026-05-02;245;5721,43;1255,00;0,00;LIMPEZA
106;18;2026-05-02;303;7854,48;2120,46;75,00;PERFUMARIA
106;1;2026-05-03;281;4469,35;1104,29;25,90;PAS
106;3;2026-05-03;525;7350,73;1715,34;130,70;SECA DOCE
106;4;2026-05-03;461;6496,74;2007,20;36,35;SECA SALG
106;5;2026-05-03;390;6397,99;1719,84;100,65;PADARIA
106;6;2026-05-03;485;25729,24;2749,31;0,00;AÇOUGUE
106;7;2026-05-03;572;7735,64;1144,12;3,20;LIQUIDA
106;8;2026-05-03;491;12543,53;213,92;68,50;COMMODITIES
106;9;2026-05-03;684;10738,80;2282,57;0,00;FLV
106;10;2026-05-03;700;1894,79;612,93;0,00;BAZAR
106;15;2026-05-03;15;15,15;10,89;0,00;OUTROS
106;16;2026-05-03;172;3812,18;904,53;0,00;LIMPEZA
106;18;2026-05-03;264;6552,16;1643,98;0,00;PERFUMARIA
108;1;2026-05-01;160;2466,65;642,20;17,10;PAS
108;3;2026-05-01;315;4129,94;1009,45;58,40;SECA DOCE
108;4;2026-05-01;273;3697,48;1172,20;35,03;SECA SALG
108;5;2026-05-01;229;3542,69;1008,67;27,35;PADARIA
108;6;2026-05-01;366;23974,23;2237,65;0,00;AÇOUGUE
108;7;2026-05-01;463;7625,17;1181,39;227,32;LIQUIDA
108;8;2026-05-01;262;5849,72;614,28;343,67;COMMODITIES
108;9;2026-05-01;425;6104,47;1063,21;0,00;FLV
108;10;2026-05-01;474;1910,40;670,70;0,00;BAZAR
108;15;2026-05-01;1;5,00;3,63;0,00;OUTROS
108;16;2026-05-01;140;2821,04;472,14;0,00;LIMPEZA
108;18;2026-05-01;151;3888,74;1053,33;0,00;PERFUMARIA
108;1;2026-05-02;124;1835,57;472,89;7,20;PAS
108;3;2026-05-02;230;2976,28;709,48;31,80;SECA DOCE
108;4;2026-05-02;207;2502,73;780,11;25,30;SECA SALG
108;5;2026-05-02;204;2683,92;831,70;32,80;PADARIA
108;6;2026-05-02;287;20936,22;2207,91;0,00;AÇOUGUE
108;7;2026-05-02;370;4822,22;920,38;62,80;LIQUIDA
108;8;2026-05-02;214;5071,18;529,78;247,00;COMMODITIES
108;9;2026-05-02;369;5101,37;1072,46;0,00;FLV
108;10;2026-05-02;361;1098,38;366,73;0,00;BAZAR
108;15;2026-05-02;1;7,00;5,08;0,00;OUTROS
108;16;2026-05-02;106;1820,46;373,90;0,00;LIMPEZA
108;18;2026-05-02;107;2035,85;540,42;2,00;PERFUMARIA
108;1;2026-05-03;177;2248,64;606,58;16,90;PAS
108;3;2026-05-03;302;3757,70;888,97;60,50;SECA DOCE
108;4;2026-05-03;283;3222,78;954,98;30,50;SECA SALG
108;5;2026-05-03;266;3961,57;1120,32;66,30;PADARIA
108;6;2026-05-03;319;17603,81;1740,70;0,00;AÇOUGUE
108;7;2026-05-03;416;5455,45;958,49;20,80;LIQUIDA
108;8;2026-05-03;244;5502,03;204,02;21,00;COMMODITIES
108;9;2026-05-03;429;5877,77;1298,17;0,00;FLV
108;10;2026-05-03;454;1244,52;413,30;0,00;BAZAR
108;16;2026-05-03;130;2277,95;394,21;0,00;LIMPEZA
108;18;2026-05-03;136;2283,23;640,36;0,00;PERFUMARIA
109;1;2026-05-01;302;3982,95;1038,25;47,80;PAS
109;3;2026-05-01;556;6723,41;1677,71;119,10;SECA DOCE
109;4;2026-05-01;481;5655,93;1860,63;13,82;SECA SALG
109;5;2026-05-01;656;11408,25;4019,93;153,30;PADARIA
109;6;2026-05-01;747;51721,89;5230,12;0,00;AÇOUGUE
109;7;2026-05-01;715;11612,76;2287,24;780,52;LIQUIDA
109;8;2026-05-01;464;7598,18;973,94;647,50;COMMODITIES
109;9;2026-05-01;785;11017,51;2189,84;0,00;FLV
109;10;2026-05-01;1029;3579,34;1103,18;0,00;BAZAR
109;15;2026-05-01;2;7,00;5,08;0,00;OUTROS
109;16;2026-05-01;232;3623,31;729,68;0,00;LIMPEZA
109;18;2026-05-01;263;4783,95;1347,78;10,50;PERFUMARIA
109;1;2026-05-02;243;3157,36;818,70;20,90;PAS
109;3;2026-05-02;465;5271,19;1270,52;88,40;SECA DOCE
109;4;2026-05-02;421;4811,33;1590,78;25,73;SECA SALG
109;5;2026-05-02;580;9140,51;3224,05;47,65;PADARIA
109;6;2026-05-02;655;44106,56;5160,23;0,00;AÇOUGUE
109;7;2026-05-02;630;9135,04;1553,46;448,66;LIQUIDA
109;8;2026-05-02;360;6340,65;341,81;133,17;COMMODITIES
109;9;2026-05-02;720;10193,67;2440,61;0,00;FLV
109;10;2026-05-02;908;2643,28;840,11;0,00;BAZAR
109;15;2026-05-02;1;4,00;2,90;0,00;OUTROS
109;16;2026-05-02;183;2656,07;496,46;0,00;LIMPEZA
109;18;2026-05-02;213;3412,15;932,31;3,00;PERFUMARIA
109;1;2026-05-03;249;3230,56;861,21;20,10;PAS
109;3;2026-05-03;451;4804,67;1221,67;75,40;SECA DOCE
109;4;2026-05-03;464;5034,79;1610,76;12,88;SECA SALG
109;5;2026-05-03;628;9983,83;3497,26;108,25;PADARIA
109;6;2026-05-03;616;38880,60;4507,99;0,00;AÇOUGUE
109;7;2026-05-03;604;7885,40;1207,04;153,81;LIQUIDA
109;8;2026-05-03;410;6892,97;326,14;32,17;COMMODITIES
109;9;2026-05-03;760;10040,39;2384,59;0,00;FLV
109;10;2026-05-03;971;2570,41;808,77;0,00;BAZAR
109;15;2026-05-03;1;15,00;10,89;0,00;OUTROS
109;16;2026-05-03;174;2823,80;664,97;0,00;LIMPEZA
109;18;2026-05-03;210;3045,95;886,15;0,50;PERFUMARIA
112;1;2026-05-01;244;5297,82;1274,12;40,30;PAS
112;3;2026-05-01;405;7801,99;1905,37;133,10;SECA DOCE
112;4;2026-05-01;400;8716,94;2668,80;41,54;SECA SALG
112;5;2026-05-01;447;8189,21;2595,35;76,75;PADARIA
112;6;2026-05-01;460;40975,80;3976,44;0,00;AÇOUGUE
112;7;2026-05-01;500;9686,17;2009,18;551,20;LIQUIDA
112;8;2026-05-01;367;11508,91;1206,96;625,83;COMMODITIES
112;9;2026-05-01;527;9975,66;1979,22;0,00;FLV
112;10;2026-05-01;501;3313,30;1049,17;0,00;BAZAR
112;16;2026-05-01;193;5917,68;1379,95;0,00;LIMPEZA
112;18;2026-05-01;203;7073,49;2129,24;10,00;PERFUMARIA
112;1;2026-05-02;169;3139,26;767,61;22,60;PAS
112;3;2026-05-02;317;5251,47;1280,30;105,80;SECA DOCE
112;4;2026-05-02;280;4844,57;1424,06;12,15;SECA SALG
112;5;2026-05-02;398;6578,11;2049,79;263,45;PADARIA
112;6;2026-05-02;354;24911,74;3197,67;0,00;AÇOUGUE
112;7;2026-05-02;391;6710,76;1303,38;231,16;LIQUIDA
112;8;2026-05-02;256;7947,09;482,77;252,67;COMMODITIES
112;9;2026-05-02;398;7959,83;1886,75;0,00;FLV
112;10;2026-05-02;426;1779,75;553,12;0,00;BAZAR
112;15;2026-05-02;1;5,00;3,63;0,00;OUTROS
112;16;2026-05-02;131;3494,36;744,11;0,00;LIMPEZA
112;18;2026-05-02;146;4709,29;1352,64;2,00;PERFUMARIA
112;1;2026-05-03;151;2766,50;734,44;26,00;PAS
112;3;2026-05-03;284;4294,15;978,59;89,00;SECA DOCE
112;4;2026-05-03;288;4339,09;1350,87;14,87;SECA SALG
112;5;2026-05-03;337;5809,16;1791,58;81,06;PADARIA
112;6;2026-05-03;329;21236,35;2505,87;0,00;AÇOUGUE
112;7;2026-05-03;325;5089,52;865,68;38,00;LIQUIDA
112;8;2026-05-03;248;6246,46;307,36;16,17;COMMODITIES
112;9;2026-05-03;415;7339,01;1739,59;0,00;FLV
112;10;2026-05-03;424;1899,24;590,24;0,00;BAZAR
112;16;2026-05-03;106;3033,03;713,66;0,00;LIMPEZA
112;18;2026-05-03;136;3711,97;1124,40;3,50;PERFUMARIA
117;1;2026-05-01;442;8580,29;1830,33;81,40;PAS
117;3;2026-05-01;673;12573,28;2789,84;234,60;SECA DOCE
117;4;2026-05-01;575;11751,73;3475,53;116,23;SECA SALG
117;5;2026-05-01;830;15238,35;4225,56;157,25;PADARIA
117;6;2026-05-01;699;54150,49;4773,25;677,15;AÇOUGUE
117;7;2026-05-01;756;13635,14;2376,94;400,53;LIQUIDA
117;8;2026-05-01;538;19746,63;1577,67;1909,67;COMMODITIES
117;9;2026-05-01;793;15374,98;3883,93;0,00;FLV
117;10;2026-05-01;785;4633,86;1504,28;0,00;BAZAR
117;15;2026-05-01;4;16,94;3,30;0,00;OUTROS
117;16;2026-05-01;336;8823,64;1197,11;0,00;LIMPEZA
117;18;2026-05-01;352;10505,06;2789,86;8,00;PERFUMARIA
117;1;2026-05-02;329;6358,92;1533,24;31,30;PAS
117;3;2026-05-02;514;9962,09;2273,59;202,80;SECA DOCE
117;4;2026-05-02;449;8878,14;2651,84;39,90;SECA SALG
117;5;2026-05-02;723;13116,46;3550,80;64,55;PADARIA
117;6;2026-05-02;522;36004,16;3476,98;164,42;AÇOUGUE
117;7;2026-05-02;610;11267,39;1581,90;19,40;LIQUIDA
117;8;2026-05-02;413;15789,89;179,23;490,83;COMMODITIES
117;9;2026-05-02;696;15494,40;4074,56;0,00;FLV
117;10;2026-05-02;623;2895,35;975,43;0,00;BAZAR
117;15;2026-05-02;1;4,34;0,84;0,00;OUTROS
117;16;2026-05-02;243;6040,61;954,22;0,00;LIMPEZA
117;18;2026-05-02;267;8120,59;2237,30;0,00;PERFUMARIA
117;1;2026-05-03;266;4648,27;1256,66;43,70;PAS
117;3;2026-05-03;489;8102,53;1868,62;168,60;SECA DOCE
117;4;2026-05-03;417;7246,45;2072,80;28,20;SECA SALG
117;5;2026-05-03;712;12115,70;3237,76;43,30;PADARIA
117;6;2026-05-03;527;32623,22;3376,68;142,77;AÇOUGUE
117;7;2026-05-03;595;7620,39;1160,02;6,58;LIQUIDA
117;8;2026-05-03;381;10699,98;30,72;57,00;COMMODITIES
117;9;2026-05-03;680;12706,09;3442,01;0,00;FLV
117;10;2026-05-03;646;2361,69;764,03;0,00;BAZAR
117;16;2026-05-03;173;4015,80;752,15;0,00;LIMPEZA
117;18;2026-05-03;219;4723,07;1333,30;0,00;PERFUMARIA
125;1;2026-05-01;197;2760,89;678,60;20,20;PAS
125;3;2026-05-01;322;3455,47;813,25;57,70;SECA DOCE
125;4;2026-05-01;307;3060,09;988,11;26,30;SECA SALG
125;5;2026-05-01;506;6867,95;2112,84;61,35;PADARIA
125;6;2026-05-01;388;23485,51;2305,17;0,00;AÇOUGUE
125;7;2026-05-01;429;5705,78;912,91;108,04;LIQUIDA
125;8;2026-05-01;313;4729,74;242,41;260,17;COMMODITIES
125;9;2026-05-01;490;7081,98;1302,36;0,00;FLV
125;10;2026-05-01;733;1330,21;444,44;0,00;BAZAR
125;16;2026-05-01;159;2239,50;447,49;10,00;LIMPEZA
125;18;2026-05-01;184;2912,18;833,03;4,00;PERFUMARIA
125;1;2026-05-02;174;2321,94;639,06;14,50;PAS
125;3;2026-05-02;281;3045,07;733,66;57,30;SECA DOCE
125;4;2026-05-02;265;2693,24;890,96;15,90;SECA SALG
125;5;2026-05-02;476;6480,83;1820,75;48,20;PADARIA
125;6;2026-05-02;344;18753,80;1914,25;0,00;AÇOUGUE
125;7;2026-05-02;401;4949,27;673,90;9,93;LIQUIDA
125;8;2026-05-02;236;4435,88;226,90;66,17;COMMODITIES
125;9;2026-05-02;401;5191,09;1134,33;0,00;FLV
125;10;2026-05-02;628;1043,59;349,01;0,00;BAZAR
125;16;2026-05-02;110;1590,23;301,27;0,00;LIMPEZA
125;18;2026-05-02;131;2101,64;571,73;0,00;PERFUMARIA
125;1;2026-05-03;201;2235,70;634,33;8,80;PAS
125;3;2026-05-03;312;3297,20;797,79;51,50;SECA DOCE
125;4;2026-05-03;326;2845,09;922,38;21,60;SECA SALG
125;5;2026-05-03;459;5904,91;1781,30;50,45;PADARIA
125;6;2026-05-03;359;14687,90;1544,08;0,00;AÇOUGUE
125;7;2026-05-03;484;5200,93;792,50;8,80;LIQUIDA
125;8;2026-05-03;246;3834,19;147,77;19,83;COMMODITIES
125;9;2026-05-03;489;5556,34;1249,40;0,00;FLV
125;10;2026-05-03;706;1583,26;532,12;0,00;BAZAR
125;16;2026-05-03;104;1507,49;370,95;10,00;LIMPEZA
125;18;2026-05-03;146;1992,58;582,47;0,00;PERFUMARIA
131;1;2026-05-01;297;4787,96;1304,54;40,80;PAS
131;3;2026-05-01;480;6915,82;1628,03;110,00;SECA DOCE
131;4;2026-05-01;538;8860,09;2479,86;30,57;SECA SALG
131;5;2026-05-01;562;8900,27;2555,59;102,35;PADARIA
131;6;2026-05-01;588;39756,69;4328,82;0,00;AÇOUGUE
131;7;2026-05-01;637;10595,68;1835,32;208,52;LIQUIDA
131;8;2026-05-01;534;17041,04;1342,64;1464,00;COMMODITIES
131;9;2026-05-01;701;11985,92;2292,81;0,00;FLV
131;10;2026-05-01;781;2744,48;885,82;0,00;BAZAR
131;16;2026-05-01;336;7788,00;1342,41;0,00;LIMPEZA
131;18;2026-05-01;306;9451,23;2553,12;18,00;PERFUMARIA
131;1;2026-05-02;285;5031,74;1360,50;29,00;PAS
131;3;2026-05-02;456;6059,72;1435,30;81,20;SECA DOCE
131;4;2026-05-02;422;6692,63;1935,61;42,80;SECA SALG
131;5;2026-05-02;515;7753,79;2275,04;75,75;PADARIA
131;6;2026-05-02;536;34600,34;4406,01;0,00;AÇOUGUE
131;7;2026-05-02;594;9333,29;1457,51;11,66;LIQUIDA
131;8;2026-05-02;432;12980,27;452,15;457,67;COMMODITIES
131;9;2026-05-02;618;10363,95;2186,10;0,00;FLV
131;10;2026-05-02;694;2112,72;663,06;0,00;BAZAR
131;16;2026-05-02;275;5630,32;931,25;0,00;LIMPEZA
131;18;2026-05-02;266;6574,47;1728,14;0,00;PERFUMARIA
131;1;2026-05-03;230;3176,97;862,30;21,20;PAS
131;3;2026-05-03;381;4626,28;1148,13;97,40;SECA DOCE
131;4;2026-05-03;358;4994,66;1453,58;27,55;SECA SALG
131;5;2026-05-03;450;7029,10;1529,98;37,35;PADARIA
131;6;2026-05-03;440;23193,31;2938,56;0,00;AÇOUGUE
131;7;2026-05-03;552;7530,34;1039,84;10,52;LIQUIDA
131;8;2026-05-03;382;9336,88;83,48;59,00;COMMODITIES
131;9;2026-05-03;565;8273,63;1719,20;0,00;FLV
131;10;2026-05-03;649;1783,12;566,74;0,00;BAZAR
131;16;2026-05-03;201;3721,57;551,69;0,00;LIMPEZA
131;18;2026-05-03;200;4339,28;1195,92;0,00;PERFUMARIA
215;1;2026-05-01;166;2117,27;463,80;10,70;PAS
215;3;2026-05-01;307;3844,04;915,48;51,50;SECA DOCE
215;4;2026-05-01;246;3076,46;944,03;10,17;SECA SALG
215;5;2026-05-01;326;5057,65;1600,69;55,65;PADARIA
215;6;2026-05-01;304;21269,38;1264,42;0,00;AÇOUGUE
215;7;2026-05-01;416;6265,99;899,33;133,66;LIQUIDA
215;8;2026-05-01;213;3982,25;379,00;54,50;COMMODITIES
215;9;2026-05-01;404;6309,74;949,21;0,00;FLV
215;10;2026-05-01;437;1622,08;534,29;0,00;BAZAR
215;16;2026-05-01;125;2045,02;396,10;0,00;LIMPEZA
215;18;2026-05-01;131;2367,79;711,82;4,00;PERFUMARIA
215;1;2026-05-02;154;2108,04;446,96;13,10;PAS
215;3;2026-05-02;281;3123,94;753,43;70,90;SECA DOCE
215;4;2026-05-02;209;2809,76;863,90;12,05;SECA SALG
215;5;2026-05-02;290;4274,87;1357,33;95,50;PADARIA
215;6;2026-05-02;293;19859,71;1721,22;0,00;AÇOUGUE
215;7;2026-05-02;366;5794,47;830,16;83,40;LIQUIDA
215;8;2026-05-02;213;4320,54;310,33;35,83;COMMODITIES
215;9;2026-05-02;382;6569,49;1352,53;0,00;FLV
215;10;2026-05-02;415;1228,15;409,28;0,00;BAZAR
215;16;2026-05-02;108;2073,68;415,87;0,00;LIMPEZA
215;18;2026-05-02;126;2161,51;609,94;0,00;PERFUMARIA
215;1;2026-05-03;169;2465,50;607,84;15,50;PAS
215;3;2026-05-03;251;3547,95;880,20;55,20;SECA DOCE
215;4;2026-05-03;205;2851,10;874,61;11,10;SECA SALG
215;5;2026-05-03;277;4496,64;1371,32;5,05;PADARIA
215;6;2026-05-03;272;17799,93;1875,99;0,00;AÇOUGUE
215;7;2026-05-03;370;5362,10;719,18;127,98;LIQUIDA
215;8;2026-05-03;206;4200,16;197,84;16,33;COMMODITIES
215;9;2026-05-03;369;5385,33;1149,24;0,00;FLV
215;10;2026-05-03;413;1383,79;465,34;0,00;BAZAR
215;16;2026-05-03;106;1829,87;411,66;0,00;LIMPEZA
215;18;2026-05-03;122;2279,23;689,28;0,00;PERFUMARIA
219;1;2026-05-01;312;4399,86;996,22;17,70;PAS
219;3;2026-05-01;479;5786,57;1329,26;101,00;SECA DOCE
219;4;2026-05-01;418;5025,65;1576,94;37,87;SECA SALG
219;5;2026-05-01;570;8596,14;2772,94;95,20;PADARIA
219;6;2026-05-01;713;58433,73;3083,47;0,00;AÇOUGUE
219;7;2026-05-01;643;10373,29;1692,17;263,09;LIQUIDA
219;8;2026-05-01;422;8862,29;726,22;560,33;COMMODITIES
219;9;2026-05-01;946;14050,24;2307,63;0,00;FLV
219;10;2026-05-01;1003;2772,80;892,17;0,00;BAZAR
219;15;2026-05-01;2;7,00;5,08;0,00;OUTROS
219;16;2026-05-01;222;3751,67;638,10;0,00;LIMPEZA
219;18;2026-05-01;237;4437,94;1306,87;0,00;PERFUMARIA
219;1;2026-05-02;253;3423,08;890,61;15,60;PAS
219;3;2026-05-02;476;5508,92;1264,73;90,60;SECA DOCE
219;4;2026-05-02;367;4291,44;1338,37;44,75;SECA SALG
219;5;2026-05-02;483;7524,60;2397,15;34,80;PADARIA
219;6;2026-05-02;619;42045,28;4267,03;0,00;AÇOUGUE
219;7;2026-05-02;532;7308,80;1115,77;2,68;LIQUIDA
219;8;2026-05-02;370;7914,65;476,82;237,83;COMMODITIES
219;9;2026-05-02;840;13424,23;2859,62;0,00;FLV
219;10;2026-05-02;859;2235,58;719,82;0,00;BAZAR
219;15;2026-05-02;2;13,00;9,44;0,00;OUTROS
219;16;2026-05-02;201;3488,72;666,78;0,00;LIMPEZA
219;18;2026-05-02;180;3315,18;969,15;2,00;PERFUMARIA
219;1;2026-05-03;240;3161,19;834,99;16,50;PAS
219;3;2026-05-03;430;4761,91;1093,53;61,50;SECA DOCE
219;4;2026-05-03;384;3785,56;1160,31;24,50;SECA SALG
219;5;2026-05-03;522;7780,13;2377,86;142,30;PADARIA
219;6;2026-05-03;582;32900,82;3610,20;0,00;AÇOUGUE
219;7;2026-05-03;549;6853,17;988,08;0,83;LIQUIDA
219;8;2026-05-03;365;6403,84;345,58;36,00;COMMODITIES
219;9;2026-05-03;795;12741,23;2785,17;0,00;FLV
219;10;2026-05-03;930;2032,59;665,40;0,00;BAZAR
219;15;2026-05-03;2;7,00;5,08;0,00;OUTROS
219;16;2026-05-03;154;2390,12;401,57;0,00;LIMPEZA
219;18;2026-05-03;182;3087,55;902,37;0,00;PERFUMARIA
222;1;2026-05-01;98;1344,62;345,10;13,20;PAS
222;3;2026-05-01;227;2349,26;599,68;16,90;SECA DOCE
222;4;2026-05-01;213;2188,75;734,83;11,06;SECA SALG
222;5;2026-05-01;245;4092,37;1271,92;28,25;PADARIA
222;6;2026-05-01;317;24043,90;1854,60;0,00;AÇOUGUE
222;7;2026-05-01;347;6325,51;903,22;93,80;LIQUIDA
222;8;2026-05-01;167;3494,18;219,80;223,67;COMMODITIES
222;9;2026-05-01;319;4856,61;936,95;0,00;FLV
222;10;2026-05-01;379;1233,00;375,38;0,00;BAZAR
222;16;2026-05-01;101;1974,41;486,75;0,00;LIMPEZA
222;18;2026-05-01;88;1723,15;471,71;0,00;PERFUMARIA
222;1;2026-05-02;98;1229,33;283,16;11,40;PAS
222;3;2026-05-02;170;1982,00;519,11;12,70;SECA DOCE
222;4;2026-05-02;144;1585,97;527,23;10,10;SECA SALG
222;5;2026-05-02;226;3284,95;1004,09;0,00;PADARIA
222;6;2026-05-02;258;20975,30;1985,58;0,00;AÇOUGUE
222;7;2026-05-02;328;4879,34;712,55;17,70;LIQUIDA
222;8;2026-05-02;130;2483,71;91,53;42,00;COMMODITIES
222;9;2026-05-02;286;4249,30;928,15;0,00;FLV
222;10;2026-05-02;337;959,62;308,46;0,00;BAZAR
222;16;2026-05-02;80;1290,77;251,58;0,00;LIMPEZA
222;18;2026-05-02;59;941,88;268,18;0,00;PERFUMARIA
222;1;2026-05-03;109;1360,50;316,31;11,10;PAS
222;3;2026-05-03;201;2257,78;585,32;22,40;SECA DOCE
222;4;2026-05-03;167;1701,04;571,37;2,60;SECA SALG
222;5;2026-05-03;238;3652,24;1087,85;0,00;PADARIA
222;6;2026-05-03;253;17896,05;1686,45;0,00;AÇOUGUE
222;7;2026-05-03;358;5034,98;823,78;13,60;LIQUIDA
222;8;2026-05-03;137;2948,18;15,06;15,33;COMMODITIES
222;9;2026-05-03;299;4131,29;911,41;0,00;FLV
222;10;2026-05-03;309;860,23;265,82;0,00;BAZAR
222;16;2026-05-03;85;1049,29;189,46;0,00;LIMPEZA
222;18;2026-05-03;75;1107,80;297,29;0,00;PERFUMARIA
